"input_type","description","format","status","function_name","message","evidence"
"sanger","Sanger sequences of one or more loci of the library, or a contig holding them","FASTA","admitted","identify_barcoding_query","","real-sequence probe of 6 bis (7943 GenBank records); Sanger barcodes probe of 28-09"
"plastome","Complete or partial plastome","FASTA","admitted","identify_barcoding_query","","149 GenBank plastomes (6 bis)"
"genbank","GenBank flat file of one or more records (Sanger or plastome)","GenBank flat file (.gb, .gbk, .gbff)","admitted","identify_barcoding_query","","3 real plastomes: flat file and sequence give identical rows (28-09)"
"assembly","Nuclear genome assembly","FASTA, plain or gzipped","admitted","identify_barcoding_assembly","","T3 probe and check of 28-09 (Carnegiea gigantea, Cereus fernambucensis)"
"reads_paired","Genome skimming or whole-genome sequencing reads, Illumina paired-end","two FASTQ files, plain or gzipped","admitted","identify_barcoding_reads","","route probe and route A check of 28-09 (SRX22104798, SRX8934634)"
"reads_single","Genome skimming or whole-genome sequencing reads, Illumina single-end","FASTQ","not_tested","","Single-end reads are not tested in 0.5.0: give the two FASTQ files of a paired Illumina run.","decision Z1 of 28-09"
"target_capture","Target capture reads (Angiosperms353, Cactaceae591)","FASTQ","rejected","","Target capture is not admitted in 0.5.0: its off-target reads did not hold the plastid loci of the library (2 of 5 and 0 of 5 in the capture test of 28-09).","capture test of 28-09"
"long_reads","Long reads (ONT, PacBio HiFi)","FASTQ","not_admitted","","Long reads are not admitted in 0.5.0 (59 experiments of 13 species of Cactaceae, 2 with a voucher).","8A inventory of 27-09"
"aligned_reads","Aligned reads","BAM, CRAM, SAM","rejected","","Aligned reads are not admitted in 0.5.0: convert them to FASTQ first (samtools fastq) and give the two files as reads_paired.","decision Z2 of 28-09"
"rad_gbs","RAD-seq or GBS reads (reduced representation)","FASTQ","rejected","","RAD-seq and GBS reads are fragments next to restriction sites, not the loci of the library: rejected.","8A inventory of 27-09"
"rnaseq","RNA-seq reads","FASTQ","rejected","","RNA-seq reads measure expression, not presence, and lack the non-coding loci of the library: rejected.","decision H1 of 27-09"
"amplicon_mix","Metabarcoding of mixed amplicons","FASTQ","rejected","","A mixture of amplicons is a mixture of species, another problem than identifying a specimen: rejected.","decision H1 of 27-09"
"ab1","Sanger chromatograms","AB1","rejected","","Chromatograms need base calling first, outside PhyloCactus: give the FASTA of the called sequence as sanger.","decision H1 of 27-09"
"skim_nuclear","Nuclear fraction of genome skims (Strategy B, Skmer)","FASTQ","out_of_scope","","The nuclear fraction of genome skims (Skmer) is out of 0.5.0: give the reads as reads_paired, identified through plastome and nrDNA.","decision Z3 of 28-09"
