locus,sid,reason,source
ITS,HO058709.1,manual conflict resolution,"0.4.5 mining, cluster 2"
matK,OK206451.1,manual conflict resolution,"0.4.5 mining, cluster 6"
matK,OK206462.1,manual conflict resolution,"0.4.5 mining, cluster 6"
matK,OK206463.1,manual conflict resolution,"0.4.5 mining, cluster 6"
matK,OK206464.1,manual conflict resolution,"0.4.5 mining, cluster 6"
rpL16,AF267935.1,manual conflict resolution,"0.4.5 mining, cluster 3; 4; 24"
rpL16,AF267974.1,manual conflict resolution,"0.4.5 mining, cluster 3; 4; 24"
ITS,AY545345.1,manual conflict resolution,"0.4.5 mining, cluster 13"
trnL-trnF,MK284146.1,manual conflict resolution,"0.4.5 mining, cluster 0; 1; 10"
rpL16,MK449178.1,manual conflict resolution,"0.4.5 mining, cluster 3; 4; 24"
matK,MK449024.1,manual conflict resolution,"0.4.5 mining, cluster 6; 19; 83"
rbcL,KC777010.1,manual conflict resolution,"0.4.5 mining, cluster 7; 11; 45"
ITS,PV916037.1,manual conflict resolution,"0.4.5 mining, cluster 2; 5"
ITS,JX289547.1,ITS not homologous to the cactus locus (2026-09-01 audit),"0.4.5 mining, cluster 2"
ITS,JX289551.1,ITS not homologous to the cactus locus (2026-09-01 audit),"0.4.5 mining, cluster 2"
ITS,JX289557.1,ITS not homologous to the cactus locus (2026-09-01 audit),"0.4.5 mining, cluster 2"
ITS,JX289572.1,ITS not homologous to the cactus locus (2026-09-01 audit),"0.4.5 mining, cluster 2"
ITS,JX289581.1,ITS not homologous to the cactus locus (2026-09-01 audit),"0.4.5 mining, cluster 2"
ITS,JX289588.1,ITS not homologous to the cactus locus (2026-09-01 audit),"0.4.5 mining, cluster 2"
ITS,JX289591.1,ITS not homologous to the cactus locus (2026-09-01 audit),"0.4.5 mining, cluster 2"
ITS,JX289599.1,ITS not homologous to the cactus locus (2026-09-01 audit),"0.4.5 mining, cluster 2"
ITS,JX289604.1,ITS not homologous to the cactus locus (2026-09-01 audit),"0.4.5 mining, cluster 2"
ITS,JX289605.1,ITS not homologous to the cactus locus (2026-09-01 audit),"0.4.5 mining, cluster 2"
ITS,JX289609.1,ITS not homologous to the cactus locus (2026-09-01 audit),"0.4.5 mining, cluster 2"
ITS,JX289628.1,ITS not homologous to the cactus locus (2026-09-01 audit),"0.4.5 mining, cluster 2"
ITS,JX289666.1,ITS not homologous to the cactus locus (2026-09-01 audit),"0.4.5 mining, cluster 2"
ITS,JX289762.1,ITS not homologous to the cactus locus (2026-09-01 audit),"0.4.5 mining, cluster 2"
ITS,JX289763.1,ITS not homologous to the cactus locus (2026-09-01 audit),"0.4.5 mining, cluster 2"
ITS,JX289800.1,ITS not homologous to the cactus locus (2026-09-01 audit),"0.4.5 mining, cluster 2"
ITS,AJ829732.2,ITS not homologous to the cactus locus (2026-09-01 audit),"0.4.5 mining, cluster 2"
ITS,AJ845125.2,ITS not homologous to the cactus locus (2026-09-01 audit),"0.4.5 mining, cluster 2"
ITS,AJ973640.2,ITS not homologous to the cactus locus (2026-09-01 audit),"0.4.5 mining, cluster 2"
ITS,AM050550.2,ITS not homologous to the cactus locus (2026-09-01 audit),"0.4.5 mining, cluster 2"
ITS,AM050552.2,ITS not homologous to the cactus locus (2026-09-01 audit),"0.4.5 mining, cluster 2"
ITS,AM050553.2,ITS not homologous to the cactus locus (2026-09-01 audit),"0.4.5 mining, cluster 2"
ITS,AF328665.1,ITS not homologous to the cactus locus (2026-09-01 audit),"0.4.5 mining, cluster 2"
ITS,AF328666.1,ITS not homologous to the cactus locus (2026-09-01 audit),"0.4.5 mining, cluster 2"
ITS,AY181576.1,ITS not homologous to the cactus locus (2026-09-01 audit),"0.4.5 mining, cluster 2"
matK,MT370606.1,chimeric matK: only the 3' 150 bp are matK (2026-09-01 audit),"0.4.5 mining, cluster 6"
