"canonical","produced_by","source_path","bytes","md5","n_tips","n_rows","rooted","published_at","run_dir","package_version","raxml_ng","treepl","R_version"
"phylocactus_ml_tree.tree","Module 9 (map_branch_supports)","7_Phylogenetics/cactus_support.raxml.support",44827,"7f47a917ede6ce3d54150ae70a0e4eb4",1024,NA,FALSE,"2026-09-19T12:31:50-0300","/Users/beamerino/Desktop/PhyloCactus_Tutorial","0.4.5","RAxML-NG v. 1.2.2 released on 30.04.2024 by The Exelixis Lab.",NA,"4.6.1"
"phylocactus_chronogram_ml.tree","Module 10 (automate_treePL)","8_Dating/BestTree_treePL.tree",42899,"5ab8d510fa546f6e0d3a7a4001b0b612",1024,NA,TRUE,"2026-09-19T12:31:50-0300","/Users/beamerino/Desktop/PhyloCactus_Tutorial","0.4.5","RAxML-NG v. 1.2.2 released on 30.04.2024 by The Exelixis Lab.",NA,"4.6.1"
"phylocactus_chronogram_hpd.tree","Module 10 (TreeAnnotator)","8_Dating/dated_summary_hpd.tree",805049,"4533950945082cd0bb353a9ff8953ad5",1024,NA,TRUE,"2026-09-19T12:31:50-0300","/Users/beamerino/Desktop/PhyloCactus_Tutorial","0.4.5","RAxML-NG v. 1.2.2 released on 30.04.2024 by The Exelixis Lab.",NA,"4.6.1"
"phylocactus_table_species.csv","Module 11 (Tutorial 3)","9_Visualization/tables/TABLE_species_all_data.csv",2470919,"24e9a948ed2aab5ab32071d81ed605c8",NA,2003,NA,"2026-09-19T12:31:50-0300","/Users/beamerino/Desktop/PhyloCactus_Tutorial","0.4.5","RAxML-NG v. 1.2.2 released on 30.04.2024 by The Exelixis Lab.",NA,"4.6.1"
"phylocactus_table_markers.csv","Module 6 (run_concatenation_pipeline)","6_Concatenated/final_tables/TABLE_marker_statistics.csv",634,"4d1b9b95a79ad5afed6744b7257941d2",NA,11,NA,"2026-09-19T12:31:50-0300","/Users/beamerino/Desktop/PhyloCactus_Tutorial","0.4.5","RAxML-NG v. 1.2.2 released on 30.04.2024 by The Exelixis Lab.",NA,"4.6.1"
"phylocactus_table_marker_ranges.tsv","Module 6 (run_concatenation_pipeline)","6_Concatenated/final_tables/TABLE_marker_ranges.tsv",219,"fe7c7474c2e12172c4a78aff97051321",NA,11,NA,"2026-09-19T12:31:50-0300","/Users/beamerino/Desktop/PhyloCactus_Tutorial","0.4.5","RAxML-NG v. 1.2.2 released on 30.04.2024 by The Exelixis Lab.",NA,"4.6.1"
"phylocactus_table_tree_distances.csv","Module 13 (validate_phylogenies)","10_Validation/tables/TABLE_pairwise_tree_distances_main.csv",8290,"9b393a0aa857c1d9371312c97c2f8dfd",NA,66,NA,"2026-09-19T12:31:50-0300","/Users/beamerino/Desktop/PhyloCactus_Tutorial","0.4.5","RAxML-NG v. 1.2.2 released on 30.04.2024 by The Exelixis Lab.",NA,"4.6.1"
"phylocactus_figure_ml_phylogeny.pdf","Module 12 (Tutorial 3)","9_Visualization/figures/Figure_7_ML_Tree_Extended.pdf",76592,"95871e77e78e84d7c4479eb5c4820739",NA,NA,NA,"2026-09-19T12:31:50-0300","/Users/beamerino/Desktop/PhyloCactus_Tutorial","0.4.5","RAxML-NG v. 1.2.2 released on 30.04.2024 by The Exelixis Lab.",NA,"4.6.1"
"phylocactus_figure_chronogram.pdf","Module 12 (Tutorial 3)","9_Visualization/figures/Figure_9_Chronogram_Extended.pdf",80920,"63e5afeed116edb81b192128aa822d63",NA,NA,NA,"2026-09-19T12:31:50-0300","/Users/beamerino/Desktop/PhyloCactus_Tutorial","0.4.5","RAxML-NG v. 1.2.2 released on 30.04.2024 by The Exelixis Lab.",NA,"4.6.1"
